Train/Test Ratio,Accuracy
50/50,0.744813559
60/40,0.759323204
70/30,0.757596219
80/20,0.765505226
90/10,0.780952381
